{
    "meta" : {
        "label" : "Node group",
        "pluralLabel": "Node groups",
        "description" : "Predefined configurations for EKS node groups",
        "icon" : "icon-tasks"

    },
    
    "defaultDefinableInline" : true,
    "defaultDefinableAtProjectLevel" : true,

    "params": [
        {
            "name": "machineType",
            "label": "Machine type",
            "description": "EC2 instance type for the nodes. See EC2 documentation for available instance types",
            "type": "STRING",
            "defaultValue": "m5.2xlarge",
            "mandatory" : false
        },
        {
            "name": "numNodes",
            "label": "Default number of nodes",
            "type": "INT",
            "mandatory" : true,
            "defaultValue" : 3
        },
        {
            "name": "useSpotInstances",
            "label": "Use EC2 spot instances",
            "description": "See EC2 documentation for information about spot instances: https://aws.amazon.com/ec2/spot/",
            "type": "BOOLEAN",
            "defaultValue": false,
            "mandatory": false
        },
        {
            "name": "numNodesAutoscaling",
            "label": "Enable nodes autoscaling",
            "type": "BOOLEAN",
            "mandatory" : true,
            "defaultValue" : false
        },
        {
            "name": "minNumNodes",
            "label": "Min number of nodes",
            "type": "INT",
            "mandatory" : true,
            "defaultValue" : 2,
            "visibilityCondition" : "model.numNodesAutoscaling"
        },
        {
            "name": "maxNumNodes",
            "label": "Max number of nodes",
            "type": "INT",
            "mandatory" : true,
            "defaultValue" : 5,
            "visibilityCondition" : "model.numNodesAutoscaling"
        },

        {
            "type":"SEPARATOR",
            "label" :"Advanced options"
        },
        {
            "name": "diskType",
            "label": "Disk type",
            "description": "EBS disk type for the nodes. Leave empty for default (gp2)",
            "type": "STRING",
            "mandatory" : false
        },
        {
            "name": "diskSizeGb",
            "label": "Disk size",
            "description": "Disk size for the nodes. Leave 0 for default (20 GB)",
            "type": "INT",
            "mandatory" : false
        },
        {
            "name": "enableGPU",
            "label": "GPU",
            "description": "Enable GPU workloads on the cluster",
            "type": "BOOLEAN",
            "defaultValue": false
        },
        {
            "name": "tags",
            "label": "Tags",
            "description": "Tags to apply on the created EC2 instances",
            "type": "MAP",
            "mandatory" : false
        }
    ]
}
