{
    "meta": {
        "label": "Inspect node pools",
        "description": "Inspect the node groups of the cluster",
        "icon": "icon-search"
    },

    "impersonate": false,

    "permissions": [],

    "resultType": "HTML",

    "resultLabel": "pools",
    "extension": "html",
    "mimeType": "text/html",

    "macroRoles": [
        { "type":"CLUSTER", "targetParamsKey":"clusterId", "limitToSamePlugin":true }
    ],

    "params": [
        {
            "name": "clusterId",
            "label": "Cluster",
            "type": "CLUSTER",
            "description": "Cluster (in DSS)",
            "mandatory": true
        },
        {
            "name": "nodeGroupId",
            "label": "Node group",
            "description": "Id of node group to inspect, otherwise all",
            "type": "STRING",
            "mandatory": false
        }
    ]
}
