{
    "meta" : {
        "label" : "Attach EKS cluster",
        "description" : "Attach to a running EKS cluster",
        "icon" : "icon-puzzle-piece"
    },
    
    "architecture" : "KUBERNETES",
    
    "params": [
        {
            "name": "connectionInfo",
            "label": "Connection",
            "type": "PRESET",
            "parameterSetId" : "connection-info",
            "mandatory" : true
        },
        {
            "name": "clusterId",
            "label": "EKS cluster",
            "type": "STRING",
            "mandatory" : true
        },
        {
            "name": "assumeRoleARN",
            "label": "IAM Role ARN to assume",
            "description": "Assumes an IAM role to perform cluster operations instead of the default AWS credential provider chain. If empty, uses AWS credentials defined above",
            "type": "STRING",
            "mandatory": false
        }
    ]
}
