{
    "meta": {
        "label": "Add node group",
        "description": "Create a new node group in the cluster",
        "icon": "icon-plus-sign"
    },

    "impersonate": false,

    "permissions": [],

    "resultType": "HTML",

    "resultLabel": "pools",
    "extension": "html",
    "mimeType": "text/html",

    "macroRoles": [
        { "type":"CLUSTER", "targetParamsKey":"clusterId", "limitToSamePlugin":true }
    ],
    
    "params": [
        {
            "name": "clusterId",
            "label": "Cluster",
            "type": "CLUSTER",
            "description": "Cluster (in DSS)",
            "mandatory": true
        },
        {
            "name": "nodePool",
            "label": "Node group",
            "type": "PRESET",
            "parameterSetId" : "node-pool-request",
            "mandatory" : true
        },
        {
            "name": "privateNetworking",
            "label": "Private Nodes",
            "description": "Use this option when using the advanced YAML configuration for the EKS cluster and private networking",
            "type": "BOOLEAN"
        }
    ]
}
