{
    "meta" : {
        "label" : "Node group",
        "pluralLabel": "Node groups",
        "description" : "Predefined configurations for EKS node groups",
        "icon" : "icon-tasks"

    },
    
    "defaultDefinableInline" : true,
    "defaultDefinableAtProjectLevel" : true,

    "params": [
        {
            "name": "nodeGroupId",
            "label": "Node group ID",
            "description": "Id of node group to create, if not default",
            "type": "STRING",
            "mandatory": false
        },
        {
            "name": "machineType",
            "label": "Machine type",
            "description": "EC2 instance type for the nodes. See EC2 documentation for available instance types",
            "type": "STRING",
            "defaultValue": "m5.2xlarge",
            "mandatory" : false
        },
        {
            "name": "numNodes",
            "label": "Default number of nodes",
            "type": "INT",
            "mandatory" : true,
            "defaultValue" : 3
        },
        {
            "name": "useSpotInstances",
            "label": "Use EC2 spot instances",
            "description": "See EC2 documentation for information about spot instances: https://aws.amazon.com/ec2/spot/",
            "type": "BOOLEAN",
            "defaultValue": false,
            "mandatory": false
        },
        {
            "name": "numNodesAutoscaling",
            "label": "Enable nodes autoscaling",
            "type": "BOOLEAN",
            "mandatory" : true,
            "defaultValue" : false
        },
        {
            "name": "minNumNodes",
            "label": "Min number of nodes",
            "type": "INT",
            "mandatory" : true,
            "defaultValue" : 2,
            "visibilityCondition" : "model.numNodesAutoscaling"
        },
        {
            "name": "maxNumNodes",
            "label": "Max number of nodes",
            "type": "INT",
            "mandatory" : true,
            "defaultValue" : 5,
            "visibilityCondition" : "model.numNodesAutoscaling"
        },

        {
            "type":"SEPARATOR",
            "label" :"Advanced options"
        },
        {
            "name": "diskType",
            "label": "Disk type",
            "description": "EBS disk type for the nodes. Leave empty for default (gp2)",
            "type": "STRING",
            "mandatory" : false
        },
        {
            "name": "diskSizeGb",
            "label": "Disk size",
            "description": "Disk size for the nodes, in GB. Can use 0 for default (200 GB)",
            "type": "INT",
            "mandatory" : false,
            "defaultValue": 200, /* Repeated in the code in node-pool.py */
            "minI": 0
        },
        {
            "name": "publicKeyName",
            "label": "Keypair name",
            "description": "Name of a keypair to use on the instances of the node group",
            "type": "STRING"
        },
        {
            "name": "labels",
            "label": "Node labels",
            "description": "https://kubernetes.io/docs/concepts/overview/working-with-objects/labels/",
            "type": "MAP",
            "mandatory": false
        },
        {
            "name": "taints",
            "label": "Node taints",
            "description": "WARNING: MUST CREATE AT LEAST ONE NODE POOL WITHOUT TAINTS. https://kubernetes.io/docs/concepts/scheduling-eviction/taint-and-toleration/",
            "mandatory": false,
            "type": "OBJECT_LIST",
            "subParams": [
                {
                    "type": "SEPARATOR",
                    "label": "Enter your taints"
                },
                {
                    "name": "key",
                    "type": "STRING",
                    "label": "Key",
                    "mandatory": true
                },
                {
                    "name": "value",
                    "type": "STRING",
                    "label": "Value",
                    "mandatory": false
                },
                {
                    "name": "effect",
                    "type": "SELECT",
                    "label": "Effect",
                    "selectChoices": [
                        {"value": "NoSchedule", "label": "NoSchedule"},
                        {"value": "NoExecute", "label": "NoExecute"},
                        {"value": "PreferNoSchedule", "label": "PreferNoSchedule"}
                    ],
                    "mandatory": true,
                    "defaultValue": "NoSchedule"
                }
            ]
        },
        {
            "name": "enableGPU",
            "label": "GPU",
            "description": "Enable GPU workloads on the cluster",
            "type": "BOOLEAN",
            "defaultValue": false
        },
        {
            "name": "addPreBootstrapCommands",
            "label": "Add pre-bootstrap commands",
            "type": "BOOLEAN"
        },
        {
            "name": "preBootstrapCommands",
            "label": "Pre-bootstrap commands",
            "description": "Executed before bootstrapping instances to the cluster",
            "type": "TEXTAREA",
            "codeMirrorDialect": "text/x-sh",
            "visibilityCondition": "model.addPreBootstrapCommands == true"
        },
        {
            "name": "tags",
            "label": "Tags",
            "description": "Tags to apply on the created EC2 instances",
            "type": "MAP",
            "mandatory" : false
        }
    ]
}
