{
    "meta": {
        "label": "Add autoscaler",
        "description": "Ensure the existence of an autoscaler in the cluster",
        "icon": "icon-plus-sign"
    },

    "impersonate": false,

    "permissions": [],

    "resultType": "HTML",

    "resultLabel": "pools",
    "extension": "html",
    "mimeType": "text/html",

    "macroRoles": [
        { "type":"CLUSTER", "targetParamsKey":"clusterId", "limitToSamePlugin":true }
    ],
    
    "params": [
        {
            "name": "clusterId",
            "label": "Cluster",
            "type": "CLUSTER",
            "description": "Cluster (in DSS)",
            "mandatory": true
        }
    ]
}
