{
    "meta" : {
        "label" : "Network settings",
        "pluralLabel" : "Network settings",
        "description" : "Preset",
        "icon" : "icon-key"
    },
    
    "defaultDefinableInline" : true,
    "defaultDefinableAtProjectLevel" : true,

    "params": [
       {
            "name": "subnets",
            "label": "VPC subnets",
            "type": "STRINGS",
            "description": "Put at least 2 subnets. Check https://eksctl.io/usage/vpc-configuration/#use-existing-vpc-other-custom-configuration for constraints.",
            "mandatory" : false
        },
        {
            "name": "privateNetworking",
            "label": "Private networking",
            "type": "BOOLEAN",
            "description": "Makes the cluster nodes non-accessible from internet",
            "mandatory" : false
        },
        {
            "name": "privateSubnets",
            "label": "VPC private subnets",
            "visibilityCondition": "model.privateNetworking == true",
            "type": "STRINGS",
            "description": "Put at least 2 subnets. Check https://eksctl.io/usage/vpc-configuration/#use-existing-vpc-other-custom-configuration for constraints.",
            "mandatory" : false
        },
        {
            "name": "securityGroups",
            "label": "Security groups",
            "type": "STRINGS",
            "description": "Additional security groups for the nodes. Needed to give access to the node running DSS",
            "mandatory" : false
        },
        {
            "name": "controlPlaneSG",
            "label": "Control plane SG",
            "type": "STRING",
            "description": "Optional: Control Plane will be put in this SG. Must allow inbound from DSS if you don't use Shared SG"
        },
        {
            "name": "sharedSG",
            "label": "Shared SG",
            "type": "STRING",
            "description": "Optional: Control Plane, Nodes and VPC endpoints will be put in this SG. Should be allow inbound from DSS"
        }
    ]
}
